,source,nutrient,nutrient_conversion,new_nutrient,nutrient_units,units_conversion,nutrient_type,nutrient_desc,relevance
1,USDA,Calcium,,Calcium,mg,mg,NA,NA,3
2,USDA,Energy,,Energy,kcal,,NA,NA,
3,USDA,Fatty Acids 20 5 n3 EPA,Eicosapentaenoic acid,Eicosapentaenoic acid,g,,NA,NA,
4,USDA,Fatty Acids 22 6 n3 DHA,Docosahexaenoic acid,Docosahexaenoic acid,g,,NA,NA,
5,USDA,Fatty acids total polyunsaturated,,Fatty acids total polyunsaturated,g,,NA,NA,
6,USDA,Fatty acids total saturated,,Fatty acids total saturated,g,,NA,NA,
7,USDA,Fiber total dietary,Dietary fiber,Dietary fiber,g,,NA,NA,
8,USDA,Folate total,Folate,Folate,mcg,,NA,NA,
9,USDA,Iron,,Iron,mg,mg,NA,NA,3
10,USDA,Magnesium,,Magnesium,mg,mg,NA,NA,2
11,USDA,Potassium,,Potassium,mg,g,NA,NA,2
12,USDA,Protein,,Protein,g,g,NA,NA,2
13,USDA,Riboflavin,,Riboflavin,mg,mg,NA,NA,2
14,USDA,Thiamin,Vitamin B1,Vitamin B1,mg,mg,NA,NA,2
15,USDA,Vitamin A,,Vitamin A,mcg,mcg,NA,NA,3
16,USDA,Vitamin B12,,Vitamin B12,mcg,mcg,NA,NA,3
17,USDA,Vitamin C,,Vitamin C,mg,mg,NA,NA,2
18,USDA,Vitamin D,,Vitamin D,mcg,mcg,NA,NA,3
19,USDA,Vitamin E,,Vitamin E,mg,mg,NA,NA,2
20,USDA,Zinc,,Zinc,mg,mg,NA,NA,3
21,AFCD,"Energy, total",Energy,Energy,kj,,Energy,"Energy in kilojoules, total metabolizable; calculated from the energy-producing food components",
22,AFCD,"Energy, total",Energy,Energy,kcal,,Energy,"Energy in kilocalories, total metabolizable; calculated from the energy-producing food components",
23,AFCD,"Energy, gross",,"Energy, gross",kcal,,Energy,"Energy in kilocalories, calculated by direct analysis using bomb calorimetry",
24,AFCD,Alanine,,Alanine,mg,,Protein,Includes only L-alanine.,
25,AFCD,Arginine,,Arginine,mg,mg,Protein,Includes only L-arginine,2
26,AFCD,Aspartic acid,,Aspartic acid,mg,,Protein,Aspartic acid; includes only L-aspartic acid,
27,AFCD,Cystine,Cysteine,Cysteine,mg,mg,Protein,"Cysteine is often the natural form, which is converted to cystine during chromatography; includes only the L-amino acid",2
28,AFCD,Glutamine,,Glutamine,mg,mg,Protein,Includes only L-glutamine,2
29,AFCD,Glutamic acid,,Glutamic acid,mg,,Protein,Includes only L-glutamic acid,
30,AFCD,Glycine,,Glycine,mg,,Protein,Includes only L-glycine,
31,AFCD,Histidine,,Histidine,mg,mg,Protein,Histidine,2
32,AFCD,Hydroxyproline,,Hydroxyproline,mg,,Protein,Hydroxyproline,
33,AFCD,Leucine,,Leucine,mg,mg,Protein,Includes only L-leucine.,2
34,AFCD,Lysine,,Lysine,mcg,mcg,Protein,Lycopene,2
35,AFCD,Methionine,,Methionine,mg,mg,Protein,Includes only L-methionine.,2
36,AFCD,Phenylalanine,,Phenylalanine,mg,mg,Protein,Includes only L-phenylalanine,2
37,AFCD,Proline,,Proline,mg,g,Protein,Includes only L-proline,2
38,AFCD,Serine,,Serine,mg,,Protein,Serine includes only L-serine,
39,AFCD,Taurine,,Taurine,mg,,Protein,Taurine,
40,AFCD,Threonine,,Threonine,mg,mg,Protein,Threonine includes only L-threonine,2
41,AFCD,Tryptophan,,Tryptophan,mg,mg,Protein,Includes only L-tryptophan.,2
42,AFCD,Tyrosine,,Tyrosine,mg,,Protein,Includes only L-tyrosine,
43,AFCD,Valine,,Valine,mg,mg,Protein,Includes only L-valine,2
44,AFCD,"Total amino acids, sulfur-containing",,"Total amino acids, sulfur-containing",mg,,Protein,"Total amino acids, sulfur-containing",
45,AFCD,"Nitrogen, nonprotein",,"Nitrogen, nonprotein",g,,Protein,Non-protein nitrogen,
46,AFCD,"Nitrogen, total",,"Nitrogen, total",g,,Protein,Nitrogen total,
47,AFCD,"Protein, total; calculated from total nitrogen",Protein,Protein,g,g,Protein,Total protein calculated from nitrogen,2
48,AFCD,"Protein, total; unknown/variable methods",,"Protein, total; unknown/variable methods",g,,Protein,Protein calculated from unknown/variable method,
49,AFCD,"Fat, total",Fat,Fat,g,,Fatty acid,"Fat, total. Synonym total lipids. Sum of triglycerides, phospholipids, sterols and related compounds. The analytical method is a mixed solvent extraction.",
50,AFCD,"Fat, total; continuous extraction",,"Fat, total; continuous extraction",g,,Fatty acid,"Fat, total; derived by analysis using continuous extraction.",
51,AFCD,Fat; mixed/unknown methods,,Fat; mixed/unknown methods,Not provided in unformatted AFCD,,Fatty acid,Fat method unknown or mixed,
52,AFCD,"Triglycerides, total",,"Triglycerides, total",g,,Fatty acid,"Triglycerides, total",
53,AFCD,"Fatty acid conversion factor, for internal use",,"Fatty acid conversion factor, for internal use",Not provided in unformatted AFCD,,Fatty acid,"Fatty acid conversion factor, for internal use",
54,AFCD,Fatty acid 4:0,,Fatty acid 4:0,g,,Fatty acid,Fatty acid 4:0,
55,AFCD,Fatty acid 6:0,,Fatty acid 6:0,g,,Fatty acid,Fatty acid 6:0,
56,AFCD,Fatty acid 8:0,,Fatty acid 8:0,g,,Fatty acid,Fatty acid 8:0,
57,AFCD,Fatty acid 9:0,,Fatty acid 9:0,g,,Fatty acid,Fatty acid 9:0,
58,AFCD,Fatty acid 10:0,,Fatty acid 10:0,g,,Fatty acid,Fatty acid 10:0,
59,AFCD,Fatty acid 11:0,,Fatty acid 11:0,g,,Fatty acid,Fatty acid 11:0,
60,AFCD,Fatty acid 12:0,,Fatty acid 12:0,g,,Fatty acid,Fatty acid 12:0,
61,AFCD,Fatty acid 13:0,,Fatty acid 13:0,g,,Fatty acid,Fatty acid 13:0,
62,AFCD,Fatty acid 14:0,,Fatty acid 14:0,g,,Fatty acid,Fatty acid 14:0,
63,AFCD,Fatty acid 15:0,,Fatty acid 15:0,g,,Fatty acid,Fatty acid 15:0,
64,AFCD,Fatty acid 16:0,,Fatty acid 16:0,g,,Fatty acid,Fatty acid 16:0,
65,AFCD,Fatty acid 17:0,,Fatty acid 17:0,g,,Fatty acid,Fatty acid 17:0,
66,AFCD,"Fatty acid 17:0, anteiso",,"Fatty acid 17:0, anteiso",g,,Fatty acid,"Fatty acid 17:0, with methyl group occurs at the third to the last carbon in the chain.",
67,AFCD,Fatty acid 18:0,,Fatty acid 18:0,g,,Fatty acid,Fatty acid 18:0,
68,AFCD,Fatty acid 19:0,,Fatty acid 19:0,g,,Fatty acid,Fatty acid 19:0,
69,AFCD,Fatty acid 20:0,,Fatty acid 20:0,g,,Fatty acid,Fatty acid 20:0,
70,AFCD,Fatty acid 21:0,,Fatty acid 21:0,g,,Fatty acid,Fatty acid 21:0,
71,AFCD,Fatty acid 22:0,,Fatty acid 22:0,g,,Fatty acid,Fatty acid 22:0,
72,AFCD,Fatty acid 23:0,,Fatty acid 23:0,g,,Fatty acid,Fatty acid 23:0,
73,AFCD,Fatty acid 24:0,,Fatty acid 24:0,g,,Fatty acid,Fatty acid 24:0,
74,AFCD,Fatty acid 14:1,,Fatty acid 14:1,g,,Fatty acid,Fatty acid 14:1,
75,AFCD,Fatty acid 15:1,,Fatty acid 15:1,g,,Fatty acid,Fatty acid 15:1,
76,AFCD,"Fatty acid 16:1, n11",,"Fatty acid 16:1, n11",g,,Fatty acid,Fatty acid 16:1 double bond on 11th carbon-carbon bond,
77,AFCD,"Fatty acid 16:1, n9",,"Fatty acid 16:1, n9",g,,Fatty acid,Fatty acid 16:1 double bond on 9th carbon-carbon bond,
78,AFCD,"Fatty acid 16:1, trans n7",,"Fatty acid 16:1, trans n7",g,,Fatty acid,Fatty acid 16:1 double bond on 7th carbon-carbon bond in trans configuration,
79,AFCD,"Fatty acid 16:1, n7",,"Fatty acid 16:1, n7",g,,Fatty acid,Fatty acid 16:1 double bond on 7th carbon-carbon bond,
80,AFCD,Fatty acid 16:1,,Fatty acid 16:1,g,,Fatty acid,Fatty acid 16:1,
81,AFCD,"Fatty acid 17:1, n9",,"Fatty acid 17:1, n9",g,,Fatty acid,Fatty acid 17:1 double bond on 8th carbon-carbon bond,
82,AFCD,"Fatty acid 17:1, n7",,"Fatty acid 17:1, n7",g,,Fatty acid,Fatty acid 17:1 double bond on 7th carbon-carbon bond,
83,AFCD,Fatty acid 17:1,,Fatty acid 17:1,g,,Fatty acid,Fatty acid 17:1,
84,AFCD,"Fatty acid 18:1, n11",,"Fatty acid 18:1, n11",g,,Fatty acid,Fatty acid 18:1 double bond on 11th carbon-carbon bond,
85,AFCD,"Fatty acid 18:1, cis n9",,"Fatty acid 18:1, cis n9",g,,Fatty acid,Fatty acid 18:1 double bond on 9th carbon-carbon bond in cis configuration,
86,AFCD,Fatty acid 18 1 trans n9,,Fatty acid 18 1 trans n9,g,,Fatty acid,Fatty acid 18:1 double bond on 9th carbon-carbon bond in trans configuration,
87,AFCD,"Fatty acid 18:1, n9",,"Fatty acid 18:1, n9",g,,Fatty acid,Fatty acid 18:1 double bond on 9th carbon-carbon bond,
88,AFCD,"Fatty acid 18:1, cis n7",,"Fatty acid 18:1, cis n7",g,,Fatty acid,Fatty acid 18:1 double bond on 7th carbon-carbon bond in cis configuration,
89,AFCD,"Fatty acid 18:1, n7",,"Fatty acid 18:1, n7",g,,Fatty acid,Fatty acid 18:1 double bond on 7th carbon-carbon bond,
90,AFCD,Fatty acid 18 1 trans,,Fatty acid 18 1 trans,g,,Fatty acid,Fatty acid 18:1 in trans configuration,
91,AFCD,Fatty acid 18:1,,Fatty acid 18:1,g,,Fatty acid,Fatty acid 18:1 in trans configuration,
92,AFCD,"Fatty acid 19:1, n11",,"Fatty acid 19:1, n11",g,,Fatty acid,Fatty acid 19:1 double bond on 11th carbon-carbon bond,
93,AFCD,"Fatty acid 20:1, n11",,"Fatty acid 20:1, n11",g,,Fatty acid,Fatty acid 20:1 double bond on 11th carbon-carbon bond,
94,AFCD,"Fatty acid 20:1, n9",,"Fatty acid 20:1, n9",g,,Fatty acid,Fatty acid 20:1 double bond on 9th carbon-carbon bond,
95,AFCD,"Fatty acid 20:1, n7",,"Fatty acid 20:1, n7",g,,Fatty acid,Fatty acid 20:1 double bond on 7th carbon-carbon bond,
96,AFCD,Fatty acid 20:1,,Fatty acid 20:1,g,,Fatty acid,Fatty acid 20:1,
97,AFCD,"Fatty acid 22:1, n11",,"Fatty acid 22:1, n11",g,,Fatty acid,Fatty acid 22:1 double bond on 11th carbon-carbon bond,
98,AFCD,"Fatty acid 22:1, n9",,"Fatty acid 22:1, n9",g,,Fatty acid,Fatty acid 22:1 double bond on 9th carbon-carbon bond,
99,AFCD,"Fatty acid 22:1, trans",,"Fatty acid 22:1, trans",g,,Fatty acid,Fatty acid 22:1 in trans configuration,
100,AFCD,Fatty acid 22:1,,Fatty acid 22:1,g,,Fatty acid,Fatty acid 22:1,
101,AFCD,"Fatty acid 24:1, n9",,"Fatty acid 24:1, n9",g,,Fatty acid,Fatty acid 24:1 double bond on 9th carbon-carbon bond,
102,AFCD,Fatty acid 24:1,,Fatty acid 24:1,g,,Fatty acid,Fatty acid 24:1,
103,AFCD,"Fatty acid 16:2, n4",,"Fatty acid 16:2, n4",g,,Fatty acid,Fatty acid 16:2 double bond on 4th carbon-carbon bond,
104,AFCD,Fatty acid 16:2,,Fatty acid 16:2,g,,Fatty acid,Fatty acid 16:2,
105,AFCD,"Fatty acid 18:2, n6",Linoleic acid,Linoleic acid,g,,Fatty acid,Fatty acid 18:2 double bond on 6th carbon-carbon bond,
106,AFCD,"Fatty acid 18:2, cis n6",,"Fatty acid 18:2, cis n6",g,,Fatty acid,Fatty acid 16:2 double bond on 6th carbon-carbon bond in cis configuration,
107,AFCD,"Fatty acid 18:2, trans",,"Fatty acid 18:2, trans",g,,Fatty acid,Fatty acid 18:2 in trans configuration,
108,AFCD,Fatty acid 18:2,,Fatty acid 18:2,g,,Fatty acid,Fatty acid 18:2,
109,AFCD,"Fatty acid 20:2, n9",,"Fatty acid 20:2, n9",g,,Fatty acid,Fatty acid 20:2 double bond on 9th carbon-carbon bond,
110,AFCD,"Fatty acid 20:2, n6",,"Fatty acid 20:2, n6",g,,Fatty acid,Fatty acid 20:2 double bond on 6th carbon-carbon bond,
111,AFCD,Fatty acid 20:2,,Fatty acid 20:2,g,,Fatty acid,Fatty acid 20:2,
112,AFCD,"Fatty acid 22:2, n6",,"Fatty acid 22:2, n6",g,,Fatty acid,Fatty acid 22:2 double bond on 6th carbon-carbon bond,
113,AFCD,Fatty acid 22:2,,Fatty acid 22:2,g,,Fatty acid,Fatty acid 22:2,
114,AFCD,"Fatty acid 16:3, n3",,"Fatty acid 16:3, n3",g,,Fatty acid,Fatty acid 16:3 double bond on 3rd carbon-carbon bond,
115,AFCD,Fatty acid 16:3,,Fatty acid 16:3,g,,Fatty acid,Fatty acid 16:3,
116,AFCD,"Fatty acid 18:3, cis n6",,"Fatty acid 18:3, cis n6",g,,Fatty acid,Fatty acid 18:3 double bond on 6th carbon-carbon bond in cis configuration,
117,AFCD,"Fatty acid 18:3, n6",,"Fatty acid 18:3, n6",g,,Fatty acid,Fatty acid 18:3 double bond on 6th carbon-carbon bond,
118,AFCD,"Fatty acid 18:3, n4",,"Fatty acid 18:3, n4",g,,Fatty acid,Fatty acid 18:3 double bond on 4th carbon-carbon bond,
119,AFCD,"Fatty acid 18:3, cis n3",α-Linolenic acid,α-Linolenic acid,g,,Fatty acid,Fatty acid 18:3 double bond on 3rd carbon-carbon bond in cis configuration,
120,AFCD,"Fatty acid 18:3, n3",,"Fatty acid 18:3, n3",g,,Fatty acid,Fatty acid 18:3 double bond on 3rd carbon-carbon bond,
121,AFCD,Fatty acid 18:3,,Fatty acid 18:3,g,,Fatty acid,Fatty acid 18:3,
122,AFCD,"Fatty acid 20:3, n9",,"Fatty acid 20:3, n9",g,,Fatty acid,Fatty acid 20:3 double bond on 9th carbon-carbon bond,
123,AFCD,"Fatty acid 20:3, n6",,"Fatty acid 20:3, n6",g,,Fatty acid,Fatty acid 20:3 double bond on 6th carbon-carbon bond,
124,AFCD,"Fatty acid 20:3, n3",,"Fatty acid 20:3, n3",g,,Fatty acid,Fatty acid 20:3 double bond on 3rd carbon-carbon bond,
125,AFCD,Fatty acid 20:3,,Fatty acid 20:3,g,,Fatty acid,Fatty acid 20:3,
126,AFCD,"Fatty acid 22:3, n6",,"Fatty acid 22:3, n6",g,,Fatty acid,Fatty acid 22:3 double bond on 6th carbon-carbon bond,
127,AFCD,"Fatty acid 22:3, n3",,"Fatty acid 22:3, n3",g,,Fatty acid,Fatty acid 22:3 double bond on 3rd carbon-carbon bond,
128,AFCD,"Fatty acid 16:4, n3",,"Fatty acid 16:4, n3",g,,Fatty acid,Fatty acid 16:4 double bond on 3rd carbon-carbon bond,
129,AFCD,Fatty acid 16:4,,Fatty acid 16:4,g,,Fatty acid,Fatty acid 16:4,
130,AFCD,"Fatty acid 18:4, n3",,"Fatty acid 18:4, n3",g,,Fatty acid,Fatty acid 18:4 double bond on 3rd carbon-carbon bond,
131,AFCD,"Fatty acid 18:4, n1",,"Fatty acid 18:4, n1",g,,Fatty acid,Fatty acid 18:4 double bond on 1st carbon-carbon bond,
132,AFCD,Fatty acid 18:4,,Fatty acid 18:4,g,,Fatty acid,Fatty acid 18:4,
133,AFCD,"Fatty acid 20:4, cis n6",,"Fatty acid 20:4, cis n6",g,,Fatty acid,Fatty acid 20:4 double bond on 6th carbon-carbon bond in cis configuration,
134,AFCD,"Fatty acid 20:4, n6",,"Fatty acid 20:4, n6",g,,Fatty acid,Fatty acid 20:4 double bond on 6th carbon-carbon bond,
135,AFCD,"Fatty acid 20:4, n3",,"Fatty acid 20:4, n3",g,,Fatty acid,Fatty acid 20:4 double bond on 3rd carbon-carbon bond,
136,AFCD,Fatty acid 20:4,,Fatty acid 20:4,g,,Fatty acid,Fatty acid 20:4,
137,AFCD,"Fatty acid 22:4, n6",,"Fatty acid 22:4, n6",g,,Fatty acid,Fatty acid 22:4 double bond on 6th carbon-carbon bond,
138,AFCD,Fatty acid 22:4,,Fatty acid 22:4,g,,Fatty acid,Fatty acid 22:4,
139,AFCD,"Fatty acid 20:5, cis n3",,"Fatty acid 20:5, cis n3",g,,Fatty acid,Fatty acid 20:5 double bond on 3rd carbon-carbon bond in cis configuration,
140,AFCD,"Fatty acid 20:5, n3",Eicosapentaenoic acid,Eicosapentaenoic acid,g,,Fatty acid,Fatty acid 20:5 double bond on 3rd carbon-carbon bond,
141,AFCD,Fatty acid 20:5,,Fatty acid 20:5,g,,Fatty acid,Fatty acid 20:5,
142,AFCD,"Fatty acid 21:5, n3",,"Fatty acid 21:5, n3",g,,Fatty acid,Fatty acid 21:5 double bond on 3rd carbon-carbon bond,
143,AFCD,Fatty acid 21:5,,Fatty acid 21:5,g,,Fatty acid,Fatty acid 21:5,
144,AFCD,"Fatty acid 22:5, n6",,"Fatty acid 22:5, n6",g,,Fatty acid,Fatty acid 22:5 double bond on 6th carbon-carbon bond,
145,AFCD,"Fatty acid 22:5, n3",,"Fatty acid 22:5, n3",g,,Fatty acid,Fatty acid 22:5 double bond on 3rd carbon-carbon bond,
146,AFCD,Fatty acid 22:5,,Fatty acid 22:5,g,,Fatty acid,Fatty acid 22:5,
147,AFCD,"Fatty acid 22:6, cis n3",,"Fatty acid 22:6, cis n3",g,,Fatty acid,Fatty acid 22:6 double bond on 3rd carbon-carbon bond in cis configuration,
148,AFCD,"Fatty acid 22:6, n3",Docosahexaenoic acid,Docosahexaenoic acid,g,,Fatty acid,Fatty acid 22:6 double bond on 3rd carbon-carbon bond,
149,AFCD,Fatty acid 22:6,,Fatty acid 22:6,g,,Fatty acid,Fatty acid 22:6,
150,AFCD,Total fatty acids,,Total fatty acids,g,,Fatty acid,Total fatty acids,
151,AFCD,"Total fatty acids, saturated",Saturated fatty acids,Saturated fatty acids,g,g,Fatty acid,Total saturated fatty acids,1
152,AFCD,"Total fatty acids, monounsaturated",Monounsaturated fatty acids,Monounsaturated fatty acids,g,g,Fatty acid,Total monounsaturated fatty acids,2
153,AFCD,"Total fatty acids, polyunsaturated",Polyunsaturated fatty acids,Polyunsaturated fatty acids,g,g,Fatty acid,Total polyunsaturated fatty acids,
154,AFCD,"Total fatty acids, trans",,"Total fatty acids, trans",g,,Fatty acid,Total trans fatty acids,
155,AFCD,"Total fatty acids, n6 polyunsaturated",,"Total fatty acids, n6 polyunsaturated",g,,Fatty acid,Total polyunsaturated fatty acids double bond on 6th carbon-carbon bond,
156,AFCD,"Total fatty acids, n3 polyunsaturated",,"Total fatty acids, n3 polyunsaturated",g,,Fatty acid,Total polyunsaturated fatty acids double bond on 3rd carbon-carbon bond,
157,AFCD,"Total fatty acids, n6",,"Total fatty acids, n6",g,,Fatty acid,Total fatty acids double bond on 6th carbon-carbon bond in cis configuration,
158,AFCD,"Total fatty acids, n3",,"Total fatty acids, n3",g,,Fatty acid,Total fatty acids double bond on 3rd carbon-carbon bond in cis configuration,
159,AFCD,"Total fatty acids, free",,"Total fatty acids, free",g,,Fatty acid,Total free fatty acids,
160,AFCD,"Diglycerides, total",,"Diglycerides, total",g,,Fatty acid,Total diglycerides,
161,AFCD,"Phospholipids, total",,"Phospholipids, total",g,,Fatty acid,Total phospholipids,
162,AFCD,"Carbohydrate, available",,"Carbohydrate, available",g,,Carbohydrate,"Carbohydrates, available; calculated by difference.",
163,AFCD,"Carbohydrate, total",Carbohydrate,Carbohydrate,g,,Carbohydrate,"Carbohydrates, total; calculated by difference.",
164,AFCD,"Carbohydrate, unknown",,"Carbohydrate, unknown",g,,Carbohydrate,"Carbohydrate, unknown",
165,AFCD,"Sugars, total",Sugar,Sugar,g,g,Carbohydrate,"Sugars, total",1
166,AFCD,Glucose,,Glucose,g,,Carbohydrate,Glucose; d-glucose only; inclues only free monosaccharide,
167,AFCD,Saccharose,,Saccharose,Not provided in unformatted AFCD,,Carbohydrate,Saccharose,
168,AFCD,Glycogen,,Glycogen,g,,Carbohydrate,Glycogen,
169,AFCD,"Starch, total",Starch,Starch,g,g,Carbohydrate,"Sum of all polysaccharides, including amylose, amylopectin, glycogen and dextrisn",1
170,AFCD,"Fibre, total; gravimetrically determined",,"Fibre, total; gravimetrically determined",g,,Carbohydrate,"Fibre, total; determined gravimetrically by the aoac total dietary fibre method prosky and similar methods",
171,AFCD,"Fibre, crude",,"Fibre, crude",g,,Carbohydrate,Crude fibre,
172,AFCD,"Fibre, water-insoluble",,"Fibre, water-insoluble",g,,Carbohydrate,Fibre is determined via neutral detergent method,
173,AFCD,"Fibre, water-soluble",,"Fibre, water-soluble",g,,Carbohydrate,"Fibre, water-soluble",
174,AFCD,Fibre; unknown/variable methods,,Fibre; unknown/variable methods,g,,Carbohydrate,Fibre with unknown method,
175,AFCD,Water,,Water,g,,Water,Water; synonym moisture,
176,AFCD,Dry matter,,Dry matter,g,,Water,Dry matter,
177,AFCD,Ash,,Ash,g,,Ash,"Ash, synonym minerals",
178,AFCD,Oxalic acid,,Oxalic acid,mg,,Other,Oxalic acid,
179,AFCD,Phytic acid,,Phytic acid,mg,,Other,Phytic acid,
180,AFCD,Silver,,Silver,mcg,,Mineral,Silver,
181,AFCD,Barium,,Barium,mcg,,Toxic trace elements,Barium,
182,AFCD,Bromide,,Bromide,mcg,,Mineral,Bromide,
183,AFCD,Calcium,,Calcium,mg,mg,Mineral,Calcium,3
184,AFCD,Chloride,,Chloride,mg,g,Mineral,Chloride synonym chlorine,1
185,AFCD,Cobalt,,Cobalt,mcg,,Mineral,Cobalt,
186,AFCD,Chromium,,Chromium,mcg,mcg,Mineral,Chromium,1
187,AFCD,Copper,,Copper,mg,mcg,Mineral,Copper,1
188,AFCD,"Iron, total",Iron,Iron,mg,mg,Mineral,Total iron is sum of heme and non-heme iron,3
189,AFCD,Iodine,,Iodine,mcg,mcg,Mineral,Iodine,3
190,AFCD,Potassium,,Potassium,mg,g,Mineral,Potassium,2
191,AFCD,Magnesium,,Magnesium,mg,mg,Mineral,Magnesium,2
192,AFCD,Manganese,,Manganese,mcg,,Mineral,Manganese,
193,AFCD,Molybdenum,,Molybdenum,mcg,,Mineral,Molybdenum,
194,AFCD,Sodium,,Sodium,mg,mg,Mineral,Sodium,1
195,AFCD,Salt,,Salt,mg,,Mineral,Salt,
196,AFCD,Nickel,,Nickel,mcg,,Mineral,Nickel,
197,AFCD,Phosphorus,,Phosphorus,mg,mg,Mineral,Phosphorus,1
198,AFCD,Rubidium,,Rubidium,mg,,Mineral,Rubidium,
199,AFCD,Sulphur,,Sulphur,mg,,Mineral,Sulphur,
200,AFCD,Selenium,,Selenium,mcg,mg,Mineral,Selenium,3
201,AFCD,Titanium,,Titanium,mg,,Mineral,Titanium,
202,AFCD,Vanadium,,Vanadium,mcg,,Mineral,Vanadium,
203,AFCD,Zinc,,Zinc,mg,mg,Mineral,Zinc,3
204,AFCD,Arsenic,,Arsenic,mcg,,Toxic trace elements,Arsenic,
205,AFCD,Cadmium,,Cadmium,mcg,,Toxic trace elements,Cadmium,
206,AFCD,Mercury,,Mercury,mcg,,Toxic trace elements,Mercury,
207,AFCD,Lead,,Lead,mcg,,Toxic trace elements,Lead,
208,AFCD,Tin,,Tin,mcg,,Mineral,Tin,
209,AFCD,Strontium,,Strontium,mcg,,Toxic trace elements,Strontium,
210,AFCD,"Vitamin A; sum of retinol/carotenoids, expressed as retinol activity equivalent (RAE)",Vitamin A,Vitamin A,mcg,mcg,Vitamin,"Vitamin A; calculated by summation of the vitamin A activities of retinol and the active carotenoids, expressed as retinol activity equivalent (RAE)",3
211,AFCD,"Vitamin A; sum of retinol/carotenoids, expressed as retinol equivalent (RE)",Vitamin A,Vitamin A,mcg,mcg,Vitamin,"Vitamin A; calculated by summation of the vitamin A activities of retinol and the active carotenoids, expressed as retinol equivalent (RE)",3
212,AFCD,Vitamin A; sum of carotenoids,,Vitamin A; sum of carotenoids,iu,,Vitamin,"Vitamin A, international units; sum of carotenoids usda indicates over estimates bioavailability",
213,AFCD,Retinol,,Retinol,mcg,,Vitamin,"preformed vitamin A, all-trans retinol only",
214,AFCD,Dehydroretinol,,Dehydroretinol,mcg,,Vitamin,Dehydroretinol,
215,AFCD,Retinol + transretinol + cisretinol,,Retinol + transretinol + cisretinol,Not provided in unformatted AFCD,,Vitamin,Retinol + transretinol + cisretinol,
216,AFCD,Vitamin A; method of determination unknown,,Vitamin A; method of determination unknown,mcg,,Vitamin,Vitamin A with unknown methods,
217,AFCD,"Carotenoids, total",,"Carotenoids, total",mcg,,Vitamin,"Carotenoids, total",
218,AFCD,Lutein,,Lutein,mcg,,Vitamin,Lutein,
219,AFCD,Cholecalciferol d3,,Cholecalciferol d3,mcg,,Vitamin,Cholecalciferol; syonym Vitamin D-3,
220,AFCD,Ergocalciferol d2,,Ergocalciferol d2,mcg,,Vitamin,Ergocalciferol Vitamin D-2,
221,AFCD,Vitamin E; unknown/variable methods,,Vitamin E; unknown/variable methods,mg,,Vitamin,"vitamin E, method of determination unknown or variable; expressed as alpha-tocopherol equivalents.",
222,AFCD,Thiamin,Vitamin B1,Vitamin B1,mg,mg,Vitamin,"Thiamin, synonym vitamin b1, aneurin",2
223,AFCD,Vitamin B1; as thiamin hydrochloride,,Vitamin B1; as thiamin hydrochloride,mg,,Vitamin,Vitamin B1; analysed and expressed as thiamin hydrochloride,
224,AFCD,Riboflavin,,Riboflavin,g,mg,Vitamin,Riboflavin,2
225,AFCD,"Folate, total",Folate,Folate,mcg,,Vitamin,"Folacin, folic acid",
226,AFCD,Folate; unknown/variable methods,,Folate; unknown/variable methods,mcg,,Vitamin,Folate; method unknown or variable,
227,AFCD,"Niacin, preformed",,"Niacin, preformed",mg,,Vitamin,nicotinic acid; nicotinamide,
228,AFCD,Niacin; unknown method/form,,Niacin; unknown method/form,mg,,Vitamin,Niacin; mehtod or form unknown,
229,AFCD,Pantothenic acid,Vitamin B5,Vitamin B5,mg,mg,Vitamin,"D-pantothenate, Vitamin B5",2
230,AFCD,"Vitamin B6, total; thru analysis",Vitamin B6,Vitamin B6,mg,mg,Vitamin,Vitamin B6 total determiend by analysis,2
231,AFCD,"Vitamin B6, total; thru summation",Vitamin B6,Vitamin B6,mg,mg,Vitamin,Vitamin B6 total calculated by summation,2
232,AFCD,Pyridoxine,Vitamin B6,Vitamin B6,mg,mg,Vitamin,Vitamin B-6 alcohol form.,2
233,AFCD,Pyridoxine hydrochloride,,Pyridoxine hydrochloride,mg,,Vitamin,Pyridoxine hydrochloride,
234,AFCD,Vitamin B12,,Vitamin B12,mcg,mcg,Vitamin,Includes all the active forms of vitamin B-12 in food,3
235,AFCD,Vitamin C,,Vitamin C,mg,mg,Vitamin,Vitamin C. L-ascorbic acid plus L-dehydroascorbic acid.,2
236,AFCD,L-ascorbic acid,,L-ascorbic acid,mg,,Vitamin,L-ascorbic acid,
237,AFCD,Vitamin C; unknown/variable methods,,Vitamin C; unknown/variable methods,mg,,Vitamin,Vitamin C with unknown methods,
238,AFCD,Vitamin K-1,,Vitamin K-1,mcg,,Vitamin,Vitamin K-1,
239,AFCD,"Sterols, total",,"Sterols, total",mg,,Sterol,"Total sterols, non-specific colorimetric method or sum of cholesterol and phytosterols",
240,AFCD,Brassicasterol,,Brassicasterol,mg,,Sterol,Brassicasterol,
241,AFCD,"Campesterol, total",Campesterol,Campesterol,mg,,Sterol,Total campesterol,
242,AFCD,Sitosterol,,Sitosterol,mg,,Sterol,Beta-sitosterol only,
243,AFCD,Squalene,,Squalene,mg,,Sterol,Squalene,
244,AFCD,"Stigmasterol, unspecified",,"Stigmasterol, unspecified",mg,,Sterol,Stigmasterol,
245,AFCD,Cholesterol; enzymatic/chromatographic method,,Cholesterol; enzymatic/chromatographic method,mg,,Sterol,Cholesterol; determined by enzymatic or chromatographic method,
246,AFCD,Cholesterol; unknown/variable methods,,Cholesterol; unknown/variable methods,mg,,Sterol,Cholesterol; method of determination unknown or variable,
247,AFCD,"Tannins, total",,"Tannins, total",mg,,Other,Tannins,
248,AFCD,"Niacin, equivalents",,"Niacin, equivalents",mg,,Vitamin,"Niacin equivalents, total (preformed niacin plus niacin)",
249,AFCD,Fatty acids not identified,,Fatty acids not identified,Not provided in unformatted AFCD,,Fatty acid,Fatty acids not identified,
250,AFCD,Fatty acid 26:0,,Fatty acid 26:0,g,,Fatty acid,Fatty acid 26:0,
251,AFCD,Fatty acid 30:0,,Fatty acid 30:0,g,,Fatty acid,Fatty acid 30:0,
252,AFCD,Fatty acid 10:1,,Fatty acid 10:1,g,,Fatty acid,Fatty acid 10:1,
253,AFCD,"Fatty acid 16:1, n5",,"Fatty acid 16:1, n5",g,,Fatty acid,Fatty acid 16:1 double bond on 5th carbon-carbon bond,
254,AFCD,"Fatty acid 16:1, cis",,"Fatty acid 16:1, cis",Not provided in unformatted AFCD,,Fatty acid,"Fatty acid 16:1, cis",
255,AFCD,"Fatty acid 17:1, cis",,"Fatty acid 17:1, cis",g,,Fatty acid,Fatty acid 17:1 in cis configuration,
256,AFCD,"Fatty acid 18:1, cis",,"Fatty acid 18:1, cis",g,,Fatty acid,Fatty acid 18:1 in cis configuration,
257,AFCD,"Fatty acid 20:1, cis",,"Fatty acid 20:1, cis",g,,Fatty acid,Fatty acid 20:1 in cis configuration,
258,AFCD,"Fatty acid 22:1, cis",,"Fatty acid 22:1, cis",g,,Fatty acid,Fatty acid 22:1 in cis configuration,
259,AFCD,"Fatty acid 24:1, cis",,"Fatty acid 24:1, cis",g,,Fatty acid,Fatty acid 24:1 in cis configuration,
260,AFCD,"Fatty acid 18:2, conj",,"Fatty acid 18:2, conj",g,,Fatty acid,Fatty acid 18:2 conjugated,
261,AFCD,"Fatty acid 18:2, cis",,"Fatty acid 18:2, cis",g,,Fatty acid,Fatty acid 18:2 in cis configuration,
262,AFCD,"Fatty acid 20:2, cis n6",,"Fatty acid 20:2, cis n6",g,,Fatty acid,Fatty acid 20:2 double bond on 6th carbon-carbon bond in cis configuration,
263,AFCD,"Fatty acid 20:3, cis n6",,"Fatty acid 20:3, cis n6",g,,Fatty acid,Fatty acid 20:3 double bond on 6th carbon-carbon bond in cis configuration,
264,AFCD,Fatty acid 22:3,,Fatty acid 22:3,g,,Fatty acid,Fatty acid 22:3,
265,AFCD,"Fatty acid 16:4, cis",,"Fatty acid 16:4, cis",g,,Fatty acid,Fatty acid 16:4 in cis configuration,
266,AFCD,"Fatty acid 18:4, cis n3",,"Fatty acid 18:4, cis n3",g,,Fatty acid,Fatty acid 18:4 double bond on 3rd carbon-carbon bond in cis configuration,
267,AFCD,"Fatty acid 22:4, cis n6",,"Fatty acid 22:4, cis n6",g,,Fatty acid,Fatty acid 22:4 double bond on 6th carbon-carbon bond in cis configuration,
268,AFCD,"Fatty acid 22:5, cis n3",,"Fatty acid 22:5, cis n3",g,,Fatty acid,Fatty acid 22:5 double bond on 3rd carbon-carbon bond in cis configuration,
269,AFCD,Fatty acid 24:6,,Fatty acid 24:6,g,,Fatty acid,Fatty acid 24:6,
270,AFCD,Protein conversion factor,,Protein conversion factor,none,,Non-nutrient,Protein conversion factors,
271,AFCD,"Nitrogen, protein",,"Nitrogen, protein",g,,Protein,Nitrogen protein,
272,AFCD,Cesium,,Cesium,mcg,,Mineral,Cesium,
273,AFCD,Fluoride,,Fluoride,mcg,,Mineral,"Fluoride, synonym fluorine",
274,AFCD,Aluminum,,Aluminum,mcg,,Toxic trace elements,Aluminium,
275,AFCD,Astaxanthin,,Astaxanthin,mcg,,Vitamin,Astaxanthin,
276,AFCD,Zeaxanthin,,Zeaxanthin,mcg,,Vitamin,Zeaxanthin,
277,AFCD,Sucrose,,Sucrose,g,,Carbohydrate,Sucrose,
278,AFCD,Ornithine,,Ornithine,mg,,Protein,Ornithine,
279,AFCD,Alanine + arginine,,Alanine + arginine,mg,,Protein,Alanine + arginine,
280,AFCD,Asparagine + aspartic acid,,Asparagine + aspartic acid,Not provided in unformatted AFCD,,Protein,Asparagine + aspartic acid,
281,AFCD,Glutamine + glutamic acid,,Glutamine + glutamic acid,Not provided in unformatted AFCD,,Protein,Glutamine + glutamic acid,
282,AFCD,Glutamine + histidine,,Glutamine + histidine,mg,,Protein,Glutamine + histidine,
283,AFCD,"Monoglycerides, total",,"Monoglycerides, total",g,,Fatty acid,Total monoglycerides,
284,AFCD,"Wax, total",,"Wax, total",mg,,Carbohydrate,"Wax total, aka wax ethers",
285,AFCD,Vitamin B6; unknown/variable methods,,Vitamin B6; unknown/variable methods,mg,,Vitamin,"Vitamin B6, method of determination unknown or variable",
286,RDI,Calcium,,Calcium,mg,mg,NA,NA,3
287,RDI,Carbohydrates,Carbohydrate,Carbohydrate,g,,NA,NA,
288,RDI,Protein,,Protein,g/kg,g,NA,NA,2
289,RDI,Vitamin A,,Vitamin A,µg,mcg,NA,NA,3
290,RDI,Vitamin C,,Vitamin C,mg,mg,NA,NA,2
291,RDI,Vitamin D,,Vitamin D,µg,mcg,NA,NA,3
292,RDI,Vitamin E,,Vitamin E,mg,mg,NA,NA,2
293,RDI,Thiamin,Vitamin B1,Vitamin B1,mg,mg,NA,NA,2
294,RDI,Riboflavin,,Riboflavin,mg,mg,NA,NA,2
295,RDI,Niacin,,Niacin,mg,mg,NA,NA,2
296,RDI,Vitamin B6,,Vitamin B6,mg,mg,NA,NA,2
297,RDI,Folate,,Folate,µg,,NA,NA,
298,RDI,Vitamin B12,,Vitamin B12,µg,mcg,NA,NA,3
299,RDI,Copper,,Copper,µg,mcg,NA,NA,1
300,RDI,Iodine,,Iodine,µg,mcg,NA,NA,3
301,RDI,Iron,,Iron,mg,mg,NA,NA,3
302,RDI,Magnesium,,Magnesium,mg,mg,NA,NA,2
303,RDI,Molybdenum,,Molybdenum,µg,,NA,NA,
304,RDI,Phosphorus,,Phosphorus,mg,mg,NA,NA,1
305,RDI,Selenium,,Selenium,µg,mg,NA,NA,3
306,RDI,Zinc,,Zinc,mg,mg,NA,NA,3
307,RDI,Vitamin K,,Vitamin K,µg,mcg,NA,NA,1
308,RDI,Pantothenic acid,Vitamin B5,Vitamin B5,mg,mg,NA,NA,2
309,RDI,Biotin,Vitamin B7,Vitamin B7,µg,mcg,NA,NA,2
310,RDI,Choline,,Choline,mg,mg,NA,NA,1
311,RDI,Chromium,,Chromium,µg,mcg,NA,NA,1
312,RDI,Fluoride,,Fluoride,mg,,NA,NA,
313,RDI,Manganese,,Manganese,mg,,NA,NA,
314,RDI,Potassium,,Potassium,g,g,NA,NA,2
315,RDI,Sodium,,Sodium,g,mg,NA,NA,1
316,RDI,Chloride,,Chloride,g,g,NA,NA,1
317,RDI,Boron,,Boron,mg,,NA,NA,
318,RDI,Nickel,,Nickel,mg,,NA,NA,
319,RDI,Vanadium,,Vanadium,mg,,NA,NA,
320,RDI,Total water,,Total water,L,,NA,NA,
321,RDI,Total fiber,Fiber,Fiber,g,,NA,NA,
322,RDI,Fat,,Fat,g,,NA,NA,
323,RDI,Linoleic acid,,Linoleic acid,g,,NA,NA,
324,RDI,α-Linolenic acid,,α-Linolenic acid,g,,NA,NA,
325,RDI,Protein,,Protein,g,g,NA,NA,2