"nutrient","nutrient_units","value_med","food_catg","max_value","cc","prop_value"
"B1-Thiamin","mg",0.07,"Aquatic Foods",0.641498684721432,12,0.109119475483254
"B12-Cobalamine","mcg",2.4,"Aquatic Foods",2.4,12,1
"B2-Riboflavin","mg",0.11,"Aquatic Foods",0.439,12,0.250569476082005
"B3-Niacin","mg",3.5,"Aquatic Foods",6.19549054252085,12,0.564927018446534
"B5-Pantothenic acid","mg",0.54,"Aquatic Foods",1.57,12,0.343949044585987
"B6-Pyridoxine","mg",0.19,"Aquatic Foods",0.486,12,0.390946502057613
"B9-Folate","mcg",11,"Aquatic Foods",394,12,0.0279187817258883
"Calcium","mg",33,"Aquatic Foods",130.499281606449,12,0.252874955277679
"Chloride","mg",420,"Aquatic Foods",420,1,1
"Chromium","mcg",0,"Aquatic Foods",0,1,NA
"Copper","mg",0.08,"Aquatic Foods",0.896494875885964,12,0.0892364275043288
"Dietary fiber","g",0,"Aquatic Foods",15.3997564908326,12,0
"Histidine","mg",420,"Aquatic Foods",825,12,0.509090909090909
"Iodine","mcg",27.3987682097195,"Aquatic Foods",27.3987682097195,1,1
"Iron","mg",0.84528,"Aquatic Foods",6.59953975043882,12,0.128081659019297
"Leucine","mg",1420,"Aquatic Foods",1781.99663299222,12,0.796858969152835
"Lysine","g",1.607,"Aquatic Foods",1.822,12,0.881997804610318
"Magnesium","mg",31,"Aquatic Foods",183,12,0.169398907103825
"Manganese","mcg",0.029,"Aquatic Foods",1535.98437488962,12,1.88804003960548e-05
"Methionine","mg",508,"Aquatic Foods",572,12,0.888111888111888
"MUSA","g",0.36,"Aquatic Foods",4,12,0.09
"Phenylalanine","mg",723.999482043942,"Aquatic Foods",1232.9972627695,12,0.587186609334174
"Phosphorus","mg",217,"Aquatic Foods",396.43165953761,12,0.547383123368867
"Potassium","mg",326,"Aquatic Foods",1249.9951999872,12,0.260801001478516
"PUFA","g",0.524,"Aquatic Foods",1.324,12,0.395770392749245
"Selenium","mcg",31,"Aquatic Foods",36.5,12,0.84931506849315
"Sodium","mg",79,"Aquatic Foods",138,12,0.572463768115942
"Sugar","g",0,"Aquatic Foods",9.36,12,0
"Threonine","mg",767,"Aquatic Foods",897,12,0.855072463768116
"Tryptophan","mg",215,"Aquatic Foods",252.998517780531,12,0.849807350201579
"Valine","mg",893.3,"Aquatic Foods",1155.49342814367,12,0.773089641396846
"Vitamin A","mcg",17.1,"Aquatic Foods",160,12,0.106875
"Vitamin C","mg",0.7,"Aquatic Foods",26.3,12,0.026615969581749
"Vitamin D","mcg",1.8,"Aquatic Foods",1.8,1,1
"Vitamin E","mg",0.7,"Aquatic Foods",0.8,12,0.875
"Zinc","mg",0.76,"Aquatic Foods",4.16,12,0.182692307692308
NA,"g",0.1,"Aquatic Foods",571.128,7,0.000175092098443781
NA,"iu",118.996848681543,"Aquatic Foods",571.128,7,0.208354079438485
NA,"kcal",101,"Aquatic Foods",571.128,7,0.176843019428219
NA,"kj",430,"Aquatic Foods",571.128,7,0.75289602330826
NA,"mcg",17.1,"Aquatic Foods",571.128,7,0.0299407488338866
NA,"mg",571.128,"Aquatic Foods",571.128,7,1
NA,"none",0.574983695331108,"Aquatic Foods",571.128,7,0.00100675101786484
"B1-Thiamin","mg",0.075,"Aquatic Foods (USDA)",0.641498684721432,12,0.116913723732058
"B1-Thiamin","mg",0.074,"Beef",0.641498684721432,12,0.115354874082297
"B1-Thiamin","mg",0.413,"Cereal Grains",0.641498684721432,12,0.643804905351199
"B1-Thiamin","mg",0.067,"Dairy and Egg",0.641498684721432,12,0.104442926533972
"B1-Thiamin","mg",0.03,"Fruits",0.641498684721432,12,0.0467654894928232
"B1-Thiamin","mg",0.641498684721432,"Legumes",0.641498684721432,12,1
"B1-Thiamin","mg",0.194343877896032,"Nut and Seed",0.641498684721432,12,0.302952885991379
"B1-Thiamin","mg",0.518,"Pork",0.641498684721432,12,0.80748411857608
"B1-Thiamin","mg",0.0694986510609549,"Poultry",0.641498684721432,12,0.108337947865216
"B1-Thiamin","mg",0.07,"Vegetables",0.641498684721432,12,0.109119475483254
"B1-Thiamin","mg",0.0694986510609549,"Vegetables (without potatoes)",0.641498684721432,12,0.108337947865216
"B12-Cobalamine","mcg",2.03,"Aquatic Foods (USDA)",2.4,12,0.845833333333333
"B12-Cobalamine","mcg",2.1,"Beef",2.4,12,0.875
"B12-Cobalamine","mcg",0,"Cereal Grains",2.4,12,0
"B12-Cobalamine","mcg",1.21,"Dairy and Egg",2.4,12,0.504166666666667
"B12-Cobalamine","mcg",0,"Fruits",2.4,12,0
"B12-Cobalamine","mcg",0,"Legumes",2.4,12,0
"B12-Cobalamine","mcg",0,"Nut and Seed",2.4,12,0
"B12-Cobalamine","mcg",0.56,"Pork",2.4,12,0.233333333333333
"B12-Cobalamine","mcg",0.674986110912648,"Poultry",2.4,12,0.28124421288027
"B12-Cobalamine","mcg",0,"Vegetables",2.4,12,0
"B12-Cobalamine","mcg",0,"Vegetables (without potatoes)",2.4,12,0
"B2-Riboflavin","mg",0.1,"Aquatic Foods (USDA)",0.439,12,0.227790432801822
"B2-Riboflavin","mg",0.18,"Beef",0.439,12,0.41002277904328
"B2-Riboflavin","mg",0.049,"Cereal Grains",0.439,12,0.111617312072893
"B2-Riboflavin","mg",0.439,"Dairy and Egg",0.439,12,1
"B2-Riboflavin","mg",0.032,"Fruits",0.439,12,0.0728929384965832
"B2-Riboflavin","mg",0.213998247653587,"Legumes",0.439,12,0.487467534518421
"B2-Riboflavin","mg",0.103289902614773,"Nut and Seed",0.439,12,0.235284516206773
"B2-Riboflavin","mg",0.254,"Pork",0.439,12,0.578587699316629
"B2-Riboflavin","mg",0.195499520459541,"Poultry",0.439,12,0.445329203780276
"B2-Riboflavin","mg",0.087,"Vegetables",0.439,12,0.198177676537586
"B2-Riboflavin","mg",0.09,"Vegetables (without potatoes)",0.439,12,0.20501138952164
"B3-Niacin","mg",2.3,"Aquatic Foods (USDA)",6.19549054252085,12,0.371237754979151
"B3-Niacin","mg",4.887,"Beef",6.19549054252085,12,0.788799525470917
"B3-Niacin","mg",4.308,"Cereal Grains",6.19549054252085,12,0.695344455847905
"B3-Niacin","mg",0.092,"Dairy and Egg",6.19549054252085,12,0.014849510199166
"B3-Niacin","mg",0.348931222679271,"Fruits",6.19549054252085,12,0.0563201929346013
"B3-Niacin","mg",2.09447632172865,"Legumes",6.19549054252085,12,0.338064646754579
"B3-Niacin","mg",1.08186135550019,"Nut and Seed",6.19549054252085,12,0.174620774267214
"B3-Niacin","mg",5.338,"Pork",6.19549054252085,12,0.861594406990742
"B3-Niacin","mg",6.19549054252085,"Poultry",6.19549054252085,12,1
"B3-Niacin","mg",0.7,"Vegetables",6.19549054252085,12,0.112985403689307
"B3-Niacin","mg",0.672483131676435,"Vegetables (without potatoes)",6.19549054252085,12,0.108543968723873
"B5-Pantothenic acid","mg",0.75,"Aquatic Foods (USDA)",1.57,12,0.477707006369427
"B5-Pantothenic acid","mg",0.581,"Beef",1.57,12,0.370063694267516
"B5-Pantothenic acid","mg",1.074,"Cereal Grains",1.57,12,0.68407643312102
"B5-Pantothenic acid","mg",1.57,"Dairy and Egg",1.57,12,1
"B5-Pantothenic acid","mg",0.197,"Fruits",1.57,12,0.125477707006369
"B5-Pantothenic acid","mg",0.968981036893992,"Legumes",1.57,12,0.617185373817829
"B5-Pantothenic acid","mg",0.514477951238868,"Nut and Seed",1.57,12,0.327692962572527
"B5-Pantothenic acid","mg",0.746,"Pork",1.57,12,0.47515923566879
"B5-Pantothenic acid","mg",0.955492052544362,"Poultry",1.57,12,0.608593664040995
"B5-Pantothenic acid","mg",0.235974574368934,"Vegetables",1.57,12,0.150302276668111
"B5-Pantothenic acid","mg",0.225,"Vegetables (without potatoes)",1.57,12,0.143312101910828
"B6-Pyridoxine","mg",0.273,"Aquatic Foods (USDA)",0.486,12,0.561728395061728
"B6-Pyridoxine","mg",0.475,"Beef",0.486,12,0.977366255144033
"B6-Pyridoxine","mg",0.171,"Cereal Grains",0.486,12,0.351851851851852
"B6-Pyridoxine","mg",0.17,"Dairy and Egg",0.486,12,0.349794238683128
"B6-Pyridoxine","mg",0.0534982476236913,"Fruits",0.486,12,0.11007869881418
"B6-Pyridoxine","mg",0.366,"Legumes",0.486,12,0.753086419753086
"B6-Pyridoxine","mg",0.323981480746394,"Nut and Seed",0.486,12,0.666628561206572
"B6-Pyridoxine","mg",0.486,"Pork",0.486,12,1
"B6-Pyridoxine","mg",0.476996855331515,"Poultry",0.486,12,0.981475010970196
"B6-Pyridoxine","mg",0.143989582810003,"Vegetables",0.486,12,0.296274861748978
"B6-Pyridoxine","mg",0.138,"Vegetables (without potatoes)",0.486,12,0.283950617283951
"B9-Folate","mcg",10,"Aquatic Foods (USDA)",394,12,0.0253807106598985
"B9-Folate","mcg",4,"Beef",394,12,0.0101522842639594
"B9-Folate","mcg",23,"Cereal Grains",394,12,0.0583756345177665
"B9-Folate","mcg",66,"Dairy and Egg",394,12,0.16751269035533
"B9-Folate","mcg",12,"Fruits",394,12,0.0304568527918782
"B9-Folate","mcg",394,"Legumes",394,12,1
"B9-Folate","mcg",51.9927877668777,"Nut and Seed",394,12,0.131961390271263
"B9-Folate","mcg",0,"Pork",394,12,0
"B9-Folate","mcg",7,"Poultry",394,12,0.0177664974619289
"B9-Folate","mcg",30,"Vegetables",394,12,0.0761421319796954
"B9-Folate","mcg",34,"Vegetables (without potatoes)",394,12,0.0862944162436548
"Calcium","mg",25,"Aquatic Foods (USDA)",130.499281606449,12,0.191571935816423
"Calcium","mg",12,"Beef",130.499281606449,12,0.0919545291918831
"Calcium","mg",21,"Cereal Grains",130.499281606449,12,0.160920426085796
"Calcium","mg",113,"Dairy and Egg",130.499281606449,12,0.865905149890233
"Calcium","mg",12.4924968724224,"Fruits",130.499281606449,12,0.0957284723612225
"Calcium","mg",130.499281606449,"Legumes",130.499281606449,12,1
"Calcium","mg",33.4299355541758,"Nut and Seed",130.499281606449,12,0.256169498733269
"Calcium","mg",12,"Pork",130.499281606449,12,0.0919545291918831
"Calcium","mg",11,"Poultry",130.499281606449,12,0.0842916517592262
"Calcium","mg",34,"Vegetables",130.499281606449,12,0.260537832710336
"Calcium","mg",35.4973590184903,"Vegetables (without potatoes)",130.499281606449,12,0.27201191134171
"Copper","mg",0.054,"Aquatic Foods (USDA)",0.896494875885964,12,0.0602345885654219
"Copper","mg",0.073,"Beef",0.896494875885964,12,0.0814282400977
"Copper","mg",0.277,"Cereal Grains",0.896494875885964,12,0.308981130233738
"Copper","mg",0.053,"Dairy and Egg",0.896494875885964,12,0.0591191332216178
"Copper","mg",0.067,"Fruits",0.896494875885964,12,0.0747355080348754
"Copper","mg",0.896494875885964,"Legumes",0.896494875885964,12,1
"Copper","mg",0.502034060963897,"Nut and Seed",0.896494875885964,12,0.559996576073857
"Copper","mg",0.072,"Pork",0.896494875885964,12,0.0803127847538958
"Copper","mg",0.077,"Poultry",0.896494875885964,12,0.0858900614729164
"Copper","mg",0.107,"Vegetables",0.896494875885964,12,0.11935372178704
"Copper","mg",0.105996462182153,"Vegetables (without potatoes)",0.896494875885964,12,0.118234320165413
"Dietary fiber","g",0,"Aquatic Foods (USDA)",15.3997564908326,12,0
"Dietary fiber","g",0,"Beef",15.3997564908326,12,0
"Dietary fiber","g",3.6,"Cereal Grains",15.3997564908326,12,0.233769930202667
"Dietary fiber","g",0,"Dairy and Egg",15.3997564908326,12,0
"Dietary fiber","g",2.4,"Fruits",15.3997564908326,12,0.155846620135111
"Dietary fiber","g",15.3997564908326,"Legumes",15.3997564908326,12,1
"Dietary fiber","g",8.1,"Nut and Seed",15.3997564908326,12,0.525982342956001
"Dietary fiber","g",0,"Pork",15.3997564908326,12,0
"Dietary fiber","g",0,"Poultry",15.3997564908326,12,0
"Dietary fiber","g",2.3,"Vegetables",15.3997564908326,12,0.149353010962815
"Dietary fiber","g",2.3,"Vegetables (without potatoes)",15.3997564908326,12,0.149353010962815
"Histidine","mg",529,"Aquatic Foods (USDA)",825,12,0.641212121212121
"Histidine","mg",701,"Beef",825,12,0.849696969696969
"Histidine","mg",190,"Cereal Grains",825,12,0.23030303030303
"Histidine","mg",315,"Dairy and Egg",825,12,0.381818181818182
"Histidine","mg",10,"Fruits",825,12,0.0121212121212121
"Histidine","mg",653.997706416433,"Legumes",825,12,0.792724492625979
"Histidine","mg",108.353837923038,"Nut and Seed",825,12,0.131337985361258
"Histidine","mg",825,"Pork",825,12,1
"Histidine","mg",549,"Poultry",825,12,0.665454545454545
"Histidine","mg",34,"Vegetables",825,12,0.0412121212121212
"Histidine","mg",34,"Vegetables (without potatoes)",825,12,0.0412121212121212
"Iron","mg",0.59,"Aquatic Foods (USDA)",6.59953975043882,12,0.0894001736955625
"Iron","mg",1.98,"Beef",6.59953975043882,12,0.300020921893583
"Iron","mg",1.96,"Cereal Grains",6.59953975043882,12,0.296990407531021
"Iron","mg",1.74,"Dairy and Egg",6.59953975043882,12,0.263654749542846
"Iron","mg",0.26,"Fruits",6.59953975043882,12,0.0393966867132987
"Iron","mg",6.59953975043882,"Legumes",6.59953975043882,12,1
"Iron","mg",1.85478183573937,"Nut and Seed",6.59953975043882,12,0.281047149631312
"Iron","mg",0.84,"Pork",6.59953975043882,12,0.127281603227581
"Iron","mg",1.08499135939922,"Poultry",6.59953975043882,12,0.16440409489572
"Iron","mg",0.81,"Vegetables",6.59953975043882,12,0.122735831683738
"Iron","mg",0.819954266521384,"Vegetables (without potatoes)",6.59953975043882,12,0.124244159066829
"Leucine","mg",1502,"Aquatic Foods (USDA)",1781.99663299222,12,0.842874768779971
"Leucine","mg",1691,"Beef",1781.99663299222,12,0.948935575237637
"Leucine","mg",620,"Cereal Grains",1781.99663299222,12,0.347924338644196
"Leucine","mg",1097,"Dairy and Egg",1781.99663299222,12,0.615601612084972
"Leucine","mg",25,"Fruits",1781.99663299222,12,0.014029207203395
"Leucine","mg",1781.99663299222,"Legumes",1781.99663299222,12,1
"Leucine","mg",320.970792547001,"Nut and Seed",1781.99663299222,12,0.180118630195192
"Leucine","mg",1669,"Pork",1781.99663299222,12,0.936589872898649
"Leucine","mg",1477,"Poultry",1781.99663299222,12,0.828845561576576
"Leucine","mg",105,"Vegetables",1781.99663299222,12,0.058922670254259
"Leucine","mg",105,"Vegetables (without potatoes)",1781.99663299222,12,0.058922670254259
"Lysine","g",1.694,"Aquatic Foods (USDA)",1.822,12,0.929747530186608
"Lysine","g",1.822,"Beef",1.822,12,1
"Lysine","g",0.258,"Cereal Grains",1.822,12,0.141602634467618
"Lysine","g",0.912,"Dairy and Egg",1.822,12,0.500548847420417
"Lysine","g",0.027,"Fruits",1.822,12,0.0148188803512623
"Lysine","g",1.53395868566797,"Legumes",1.822,12,0.841909267655309
"Lysine","g",0.216790758508242,"Nut and Seed",1.822,12,0.11898504857752
"Lysine","g",1.803,"Pork",1.822,12,0.989571899012074
"Lysine","g",1.657,"Poultry",1.822,12,0.909440175631174
"Lysine","g",0.089,"Vegetables",1.822,12,0.048847420417124
"Lysine","g",0.089,"Vegetables (without potatoes)",1.822,12,0.048847420417124
"Magnesium","mg",30,"Aquatic Foods (USDA)",183,12,0.163934426229508
"Magnesium","mg",20,"Beef",183,12,0.109289617486339
"Magnesium","mg",79,"Cereal Grains",183,12,0.431693989071038
"Magnesium","mg",11,"Dairy and Egg",183,12,0.0601092896174863
"Magnesium","mg",11,"Fruits",183,12,0.0601092896174863
"Magnesium","mg",183,"Legumes",183,12,1
"Magnesium","mg",54.9931812311171,"Nut and Seed",183,12,0.300509187055285
"Magnesium","mg",21,"Pork",183,12,0.114754098360656
"Magnesium","mg",22,"Poultry",183,12,0.120218579234973
"Magnesium","mg",23,"Vegetables",183,12,0.12568306010929
"Magnesium","mg",23,"Vegetables (without potatoes)",183,12,0.12568306010929
"Manganese","mcg",18.9802488998669,"Aquatic Foods (USDA)",1535.98437488962,12,0.0123570585809057
"Manganese","mcg",12,"Beef",1535.98437488962,12,0.00781257947422958
"Manganese","mcg",1322,"Cereal Grains",1535.98437488962,12,0.860685838744292
"Manganese","mcg",33,"Dairy and Egg",1535.98437488962,12,0.0214845935541314
"Manganese","mcg",60,"Fruits",1535.98437488962,12,0.0390628973711479
"Manganese","mcg",1535.98437488962,"Legumes",1535.98437488962,12,1
"Manganese","mcg",1251.18973169145,"Nut and Seed",1535.98437488962,12,0.814584934681621
"Manganese","mcg",11,"Pork",1535.98437488962,12,0.00716153118471045
"Manganese","mcg",17.4946417178154,"Poultry",1535.98437488962,12,0.0113898565661338
"Manganese","mcg",229,"Vegetables",1535.98437488962,12,0.149090058299881
"Manganese","mcg",229,"Vegetables (without potatoes)",1535.98437488962,12,0.149090058299881
"Methionine","mg",547,"Aquatic Foods (USDA)",572,12,0.956293706293706
"Methionine","mg",572,"Beef",572,12,1
"Methionine","mg",169,"Cereal Grains",572,12,0.295454545454545
"Methionine","mg",378,"Dairy and Egg",572,12,0.660839160839161
"Methionine","mg",6,"Fruits",572,12,0.0104895104895105
"Methionine","mg",315.998813288044,"Legumes",572,12,0.552445477776301
"Methionine","mg",64.9480480879532,"Nut and Seed",572,12,0.113545538615303
"Methionine","mg",547,"Pork",572,12,0.956293706293706
"Methionine","mg",519,"Poultry",572,12,0.907342657342657
"Methionine","mg",20,"Vegetables",572,12,0.034965034965035
"Methionine","mg",20,"Vegetables (without potatoes)",572,12,0.034965034965035
"MUSA","g",0.507,"Aquatic Foods (USDA)",4,12,0.12675
"MUSA","g",3.39298132176768,"Beef",4,12,0.848245330441919
"MUSA","g",0.206,"Cereal Grains",4,12,0.0515
"MUSA","g",4,"Dairy and Egg",4,12,1
"MUSA","g",0.037,"Fruits",4,12,0.00925
"MUSA","g",0.133443101136813,"Legumes",4,12,0.0333607752842031
"MUSA","g",0.891251594159061,"Nut and Seed",4,12,0.222812898539765
"MUSA","g",3.408,"Pork",4,12,0.852
"MUSA","g",1.54,"Poultry",4,12,0.385
"MUSA","g",0.020495426120586,"Vegetables",4,12,0.00512385653014651
"MUSA","g",0.023,"Vegetables (without potatoes)",4,12,0.00575
"Phenylalanine","mg",735,"Aquatic Foods (USDA)",1232.9972627695,12,0.596108379307409
"Phenylalanine","mg",821,"Beef",1232.9972627695,12,0.665857114845419
"Phenylalanine","mg",387,"Cereal Grains",1232.9972627695,12,0.313869309921044
"Phenylalanine","mg",675,"Dairy and Egg",1232.9972627695,12,0.547446470792518
"Phenylalanine","mg",19.981237777227,"Fruits",1232.9972627695,12,0.0162054194121616
"Phenylalanine","mg",1232.9972627695,"Legumes",1232.9972627695,12,1
"Phenylalanine","mg",197.878736304912,"Nut and Seed",1232.9972627695,12,0.160485949385196
"Phenylalanine","mg",842,"Pork",1232.9972627695,12,0.68288878282563
"Phenylalanine","mg",730,"Poultry",1232.9972627695,12,0.592053220264501
"Phenylalanine","mg",66.4985902048087,"Vegetables",1232.9972627695,12,0.0539324718819266
"Phenylalanine","mg",65,"Vegetables (without potatoes)",1232.9972627695,12,0.0527170675577981
"Phosphorus","mg",210,"Aquatic Foods (USDA)",396.43165953761,12,0.529725603260193
"Phosphorus","mg",198,"Beef",396.43165953761,12,0.499455568788182
"Phosphorus","mg",221,"Cereal Grains",396.43165953761,12,0.557473134859537
"Phosphorus","mg",193,"Dairy and Egg",396.43165953761,12,0.486843054424844
"Phosphorus","mg",16.4943168224607,"Fruits",396.43165953761,12,0.0416069615673464
"Phosphorus","mg",396.43165953761,"Legumes",396.43165953761,12,1
"Phosphorus","mg",117.43534763657,"Nut and Seed",396.43165953761,12,0.296231001765965
"Phosphorus","mg",207,"Pork",396.43165953761,12,0.522158094642191
"Phosphorus","mg",184.499491868947,"Poultry",396.43165953761,12,0.465400498245129
"Phosphorus","mg",50,"Vegetables",396.43165953761,12,0.126125143633379
"Phosphorus","mg",49,"Vegetables (without potatoes)",396.43165953761,12,0.123602640760712
"Potassium","mg",350,"Aquatic Foods (USDA)",1249.9951999872,12,0.280001075206996
"Potassium","mg",316,"Beef",1249.9951999872,12,0.252800970758316
"Potassium","mg",195,"Cereal Grains",1249.9951999872,12,0.156000599043898
"Potassium","mg",140,"Dairy and Egg",1249.9951999872,12,0.112000430082798
"Potassium","mg",177,"Fruits",1249.9951999872,12,0.141600543747538
"Potassium","mg",1249.9951999872,"Legumes",1249.9951999872,12,1
"Potassium","mg",465.224174903356,"Nut and Seed",1249.9951999872,12,0.372180769100649
"Potassium","mg",341,"Pork",1249.9951999872,12,0.272801047558816
"Potassium","mg",228.499589715025,"Poultry",1249.9951999872,12,0.182800373727327
"Potassium","mg",318,"Vegetables",1249.9951999872,12,0.254400976902356
"Potassium","mg",312.998801913748,"Vegetables (without potatoes)",1249.9951999872,12,0.250400003069574
"PUFA","g",0.591,"Aquatic Foods (USDA)",1.324,12,0.446374622356495
"PUFA","g",0.392499761146396,"Beef",1.324,12,0.296449970654378
"PUFA","g",0.56,"Cereal Grains",1.324,12,0.422960725075529
"PUFA","g",1.324,"Dairy and Egg",1.324,12,1
"PUFA","g",0.0719947914050016,"Fruits",1.324,12,0.0543767306684302
"PUFA","g",0.732343193412757,"Legumes",1.324,12,0.553129300160693
"PUFA","g",0.571141703175611,"Nut and Seed",1.324,12,0.431375908742908
"PUFA","g",0.996,"Pork",1.324,12,0.752265861027191
"PUFA","g",1.17,"Poultry",1.324,12,0.883685800604229
"PUFA","g",0.0939840406715464,"Vegetables",1.324,12,0.0709849249785093
"PUFA","g",0.106,"Vegetables (without potatoes)",1.324,12,0.080060422960725
"Selenium","mcg",36.5,"Aquatic Foods (USDA)",36.5,12,1
"Selenium","mcg",22.4,"Beef",36.5,12,0.613698630136986
"Selenium","mcg",15.1,"Cereal Grains",36.5,12,0.413698630136986
"Selenium","mcg",31.3449456063523,"Dairy and Egg",36.5,12,0.858765633050748
"Selenium","mcg",0.3,"Fruits",36.5,12,0.00821917808219178
"Selenium","mcg",8.2,"Legumes",36.5,12,0.224657534246575
"Selenium","mcg",7,"Nut and Seed",36.5,12,0.191780821917808
"Selenium","mcg",29.4,"Pork",36.5,12,0.805479452054795
"Selenium","mcg",20.6499546004149,"Poultry",36.5,12,0.565752180833286
"Selenium","mcg",0.7,"Vegetables",36.5,12,0.0191780821917808
"Selenium","mcg",0.7,"Vegetables (without potatoes)",36.5,12,0.0191780821917808
"Sodium","mg",70,"Aquatic Foods (USDA)",138,12,0.507246376811594
"Sodium","mg",58,"Beef",138,12,0.420289855072464
"Sodium","mg",5,"Cereal Grains",138,12,0.036231884057971
"Sodium","mg",138,"Dairy and Egg",138,12,1
"Sodium","mg",2,"Fruits",138,12,0.0144927536231884
"Sodium","mg",13,"Legumes",138,12,0.0942028985507247
"Sodium","mg",5.93704130272756,"Nut and Seed",138,12,0.043022038425562
"Sodium","mg",63,"Pork",138,12,0.456521739130435
"Sodium","mg",77,"Poultry",138,12,0.557971014492754
"Sodium","mg",13,"Vegetables",138,12,0.0942028985507247
"Sodium","mg",13,"Vegetables (without potatoes)",138,12,0.0942028985507247
"Sugar","g",0,"Aquatic Foods (USDA)",9.36,12,0
"Sugar","g",0,"Beef",9.36,12,0
"Sugar","g",0.727476820690195,"Cereal Grains",9.36,12,0.0777218825523712
"Sugar","g",0.71,"Dairy and Egg",9.36,12,0.0758547008547008
"Sugar","g",9.36,"Fruits",9.36,12,1
"Sugar","g",3.49533136379235,"Legumes",9.36,12,0.373432838012003
"Sugar","g",5.91,"Nut and Seed",9.36,12,0.631410256410256
"Sugar","g",0,"Pork",9.36,12,0
"Sugar","g",0,"Poultry",9.36,12,0
"Sugar","g",2.18998287661935,"Vegetables",9.36,12,0.23397252955335
"Sugar","g",2.2,"Vegetables (without potatoes)",9.36,12,0.235042735042735
"Threonine","mg",810,"Aquatic Foods (USDA)",897,12,0.903010033444816
"Threonine","mg",884,"Beef",897,12,0.985507246376812
"Threonine","mg",275,"Cereal Grains",897,12,0.306577480490524
"Threonine","mg",556,"Dairy and Egg",897,12,0.61984392419175
"Threonine","mg",16,"Fruits",897,12,0.0178372352285396
"Threonine","mg",895,"Legumes",897,12,0.997770345596433
"Threonine","mg",215.554918688876,"Nut and Seed",897,12,0.240306486832637
"Threonine","mg",897,"Pork",897,12,1
"Threonine","mg",786,"Poultry",897,12,0.876254180602007
"Threonine","mg",69,"Vegetables",897,12,0.0769230769230769
"Threonine","mg",69,"Vegetables (without potatoes)",897,12,0.0769230769230769
"Tryptophan","mg",211,"Aquatic Foods (USDA)",252.998517780531,12,0.833996980895503
"Tryptophan","mg",216,"Beef",252.998517780531,12,0.853759942528098
"Tryptophan","mg",96,"Cereal Grains",252.998517780531,12,0.379448863345821
"Tryptophan","mg",190,"Dairy and Egg",252.998517780531,12,0.750992542038605
"Tryptophan","mg",7,"Fruits",252.998517780531,12,0.0276681462856328
"Tryptophan","mg",252.998517780531,"Legumes",252.998517780531,12,1
"Tryptophan","mg",62.9046617154515,"Nut and Seed",252.998517780531,12,0.248636483198765
"Tryptophan","mg",225,"Pork",252.998517780531,12,0.889333273466769
"Tryptophan","mg",209,"Poultry",252.998517780531,12,0.826091796242465
"Tryptophan","mg",20,"Vegetables",252.998517780531,12,0.0790518465303794
"Tryptophan","mg",20,"Vegetables (without potatoes)",252.998517780531,12,0.0790518465303794
"Valine","mg",950,"Aquatic Foods (USDA)",1155.49342814367,12,0.822159587290948
"Valine","mg",1001,"Beef",1155.49342814367,12,0.866296575661304
"Valine","mg",440,"Cereal Grains",1155.49342814367,12,0.380789703587386
"Valine","mg",809,"Dairy and Egg",1155.49342814367,12,0.700133795914081
"Valine","mg",19.4951914842687,"Fruits",1155.49342814367,12,0.0168717458788046
"Valine","mg",1155.49342814367,"Legumes",1155.49342814367,12,1
"Valine","mg",274.401273155902,"Nut and Seed",1155.49342814367,12,0.237475407884175
"Valine","mg",1055,"Pork",1155.49342814367,12,0.91302985746521
"Valine","mg",862,"Poultry",1155.49342814367,12,0.746001646573471
"Valine","mg",84,"Vegetables",1155.49342814367,12,0.0726962161394101
"Valine","mg",84,"Vegetables (without potatoes)",1155.49342814367,12,0.0726962161394101
"Vitamin A","mcg",27.4965906155586,"Aquatic Foods (USDA)",160,12,0.171853691347241
"Vitamin A","mcg",2,"Beef",160,12,0.0125
"Vitamin A","mcg",0,"Cereal Grains",160,12,0
"Vitamin A","mcg",160,"Dairy and Egg",160,12,1
"Vitamin A","mcg",3,"Fruits",160,12,0.01875
"Vitamin A","mcg",0,"Legumes",160,12,0
"Vitamin A","mcg",1.43558007226745,"Nut and Seed",160,12,0.00897237545167155
"Vitamin A","mcg",1,"Pork",160,12,0.00625
"Vitamin A","mcg",17.4946417178154,"Poultry",160,12,0.109341510736346
"Vitamin A","mcg",17,"Vegetables",160,12,0.10625
"Vitamin A","mcg",18,"Vegetables (without potatoes)",160,12,0.1125
"Vitamin C","mg",0,"Aquatic Foods (USDA)",26.3,12,0
"Vitamin C","mg",0,"Beef",26.3,12,0
"Vitamin C","mg",0,"Cereal Grains",26.3,12,0
"Vitamin C","mg",0,"Dairy and Egg",26.3,12,0
"Vitamin C","mg",26.3,"Fruits",26.3,12,1
"Vitamin C","mg",0.1,"Legumes",26.3,12,0.00380228136882129
"Vitamin C","mg",4.33654545737892,"Nut and Seed",26.3,12,0.164887659976385
"Vitamin C","mg",0,"Pork",26.3,12,0
"Vitamin C","mg",0,"Poultry",26.3,12,0
"Vitamin C","mg",17.9499477714822,"Vegetables",26.3,12,0.682507519828221
"Vitamin C","mg",18.8,"Vegetables (without potatoes)",26.3,12,0.714828897338403
"Vitamin E","mg",0.744886733007661,"Aquatic Foods (USDA)",0.8,12,0.931108416259576
"Vitamin E","mg",0.22,"Beef",0.8,12,0.275
"Vitamin E","mg",0.11,"Cereal Grains",0.8,12,0.1375
"Vitamin E","mg",0.8,"Dairy and Egg",0.8,12,1
"Vitamin E","mg",0.18,"Fruits",0.8,12,0.225
"Vitamin E","mg",0.22,"Legumes",0.8,12,0.275
"Vitamin E","mg",0.54,"Nut and Seed",0.8,12,0.675
"Vitamin E","mg",0.19,"Pork",0.8,12,0.2375
"Vitamin E","mg",0.2,"Poultry",0.8,12,0.25
"Vitamin E","mg",0.3,"Vegetables",0.8,12,0.375
"Vitamin E","mg",0.35,"Vegetables (without potatoes)",0.8,12,0.4375
"Zinc","mg",0.62,"Aquatic Foods (USDA)",4.16,12,0.149038461538462
"Zinc","mg",4.16,"Beef",4.16,12,1
"Zinc","mg",1.68,"Cereal Grains",4.16,12,0.403846153846154
"Zinc","mg",1.32,"Dairy and Egg",4.16,12,0.317307692307692
"Zinc","mg",0.1,"Fruits",4.16,12,0.0240384615384615
"Zinc","mg",3.20450560226457,"Legumes",4.16,12,0.770313846698215
"Zinc","mg",0.929636998380096,"Nut and Seed",4.16,12,0.223470432302908
"Zinc","mg",1.93,"Pork",4.16,12,0.463942307692308
"Zinc","mg",1.82997950803737,"Poultry",4.16,12,0.439898920201291
"Zinc","mg",0.354973590184903,"Vegetables",4.16,12,0.085330189948294
"Zinc","mg",0.374974998842487,"Vegetables (without potatoes)",4.16,12,0.0901382208755978
